{"cameraMode":{"drawMode":0,"name":"Shaded","section":"Shading Mode"},"sceneLighting":false,"audioPlay":false,"sceneViewState":{"m_AlwaysRefresh":false,"showFog":false,"showSkybox":false,"showFlares":false,"showImageEffects":false,"showParticleSystems":false,"showVisualEffectGraphs":true,"m_FxEnabled":true},"in2DMode":false,"pivot":{"x":0.0010743141174316407,"y":4.895593166351318,"z":0.019475877285003663},"rotation":{"x":0.14495749771595,"y":0.12785466015338899,"z":-0.018867580220103265,"w":0.9809990525245667},"size":22.993879318237306,"orthographic":true}