{"cameraMode":{"drawMode":0,"name":"Shaded","section":"Shading Mode"},"sceneLighting":true,"audioPlay":false,"sceneViewState":{"m_AlwaysRefresh":false,"showFog":true,"showSkybox":true,"showFlares":true,"showImageEffects":true,"showParticleSystems":true,"showVisualEffectGraphs":true,"m_FxEnabled":true},"in2DMode":false,"pivot":{"x":232.33328247070313,"y":146.65765380859376,"z":100.82342529296875},"rotation":{"x":-0.1723252683877945,"y":-0.049632761627435687,"z":0.008710382506251336,"w":-0.9838245511054993},"size":484.85821533203127,"orthographic":false}